file,album,title,description,cover
01.jpg,blizzard,,,1
02.jpg,blizzard,,,
03.jpg,blizzard,,,
04.jpg,blizzard,,,
05.jpg,blizzard,,,
06.jpg,blizzard,,,
07.jpg,blizzard,,,
09.jpg,blizzard,,,
10.jpg,blizzard,,,
11.jpg,blizzard,,,
12.jpg,blizzard,,,
13.jpg,blizzard,,,
14.jpg,blizzard,,,
15.jpg,blizzard,,,
16.jpg,blizzard,,,
17.jpg,blizzard,,,
01.jpg,ice_skating,,,1
02.jpg,ice_skating,,,
03.jpg,ice_skating,,,
04.jpg,ice_skating,,,
05.jpg,ice_skating,,,
06.jpg,ice_skating,,,
07.jpg,ice_skating,,,
09.jpg,ice_skating,,,
10.jpg,ice_skating,,,
11.jpg,ice_skating,,,
12.jpg,ice_skating,,,
13.jpg,ice_skating,,,
14.jpg,ice_skating,,,
01.jpg,coffee_tea_house_event,,,1